CompanyName,CompanyNumber,RegAddress.CareOf,RegAddress.POBox,RegAddress.AddressLine1,RegAddress.AddressLine2,RegAddress.PostTown,RegAddress.County,RegAddress.Country,RegAddress.PostCode,CompanyCategory,CompanyStatus,CountryOfOrigin,DissolutionDate,IncorporationDate,Accounts.AccountRefDay,Accounts.AccountRefMonth,Accounts.NextDueDate,Accounts.LastMadeUpDate,Accounts.AccountCategory,Returns.NextDueDate,Returns.LastMadeUpDate,Mortgages.NumMortCharges,Mortgages.NumMortOutstanding,Mortgages.NumMortPartSatisfied,Mortgages.NumMortSatisfied,SICCode.SicText_1,SICCode.SicText_2,SICCode.SicText_3,SICCode.SicText_4,LimitedPartnerships.NumGenPartners,LimitedPartnerships.NumLimPartners,URI,PreviousName_1.CONDATE,PreviousName_1.CompanyName,PreviousName_2.CONDATE,PreviousName_2.CompanyName,PreviousName_3.CONDATE,PreviousName_3.CompanyName,PreviousName_4.CONDATE,PreviousName_4.CompanyName,PreviousName_5.CONDATE,PreviousName_5.CompanyName,PreviousName_6.CONDATE,PreviousName_6.CompanyName,PreviousName_7.CONDATE,PreviousName_7.CompanyName,PreviousName_8.CONDATE,PreviousName_8.CompanyName,PreviousName_9.CONDATE,PreviousName_9.CompanyName,PreviousName_10.CONDATE,PreviousName_10.CompanyName,ConfStmtNextDueDate,ConfStmtLastMadeUpDate,Raw_Extracted_VAT,Verified_VAT,Validation_Status
HOCKEY STOP LTD,12343252,,,UNIT 19,ST. HILARY PARK ROAD,KING'S LYNN,NORFOLK,ENGLAND,PE30 4ND,Private Limited Company,Active,United Kingdom,,02/12/2019,31.0,12.0,30/09/2026,31/12/2024,MICRO ENTITY,30/12/2020,,0,0,0,0,"47640 - Retail sale of sports goods, fishing gear, camping goods, boats and bicycles",,,,0,0,http://business.data.gov.uk/id/company/12343252,,,,,,,,,,,,,,,,,,,,,15/12/2026,01/12/2025,360575690,360575690,Valid_HMRC_Matched
OAKSIDE VENTURES LTD,15802979,,,OFFICE 7,35-37 LUDGATE HILL,LONDON,,UNITED KINGDOM,EC4M 7JN,Private Limited Company,Active,United Kingdom,,25/06/2024,30.0,6.0,31/03/2027,30/06/2025,MICRO ENTITY,23/07/2025,,1,1,0,0,68209 - Other letting and operating of own or leased real estate,,,,0,0,http://business.data.gov.uk/id/company/15802979,,,,,,,,,,,,,,,,,,,,,08/07/2027,24/06/2026,922579842,,Valid_HMRC_Different_Company
SPIRAL CONSULTANTS LIMITED,08905847,,,WOODEND,HAMSTREET ROAD,ASHFORD,KENT,UNITED KINGDOM,TN26 2EB,Private Limited Company,Active,United Kingdom,,21/02/2014,28.0,2.0,30/11/2026,28/02/2025,TOTAL EXEMPTION FULL,21/03/2017,21/02/2016,0,0,0,0,96090 - Other service activities n.e.c.,,,,0,0,http://business.data.gov.uk/id/company/08905847,,,,,,,,,,,,,,,,,,,,,07/03/2027,21/02/2026,314546025,314546025,Valid_HMRC_Matched
UTOP SERVICES LTD,17047762,,,117 COPPETTS ROAD,,LONDON,,ENGLAND,N10 1JL,Private Limited Company,Active,United Kingdom,,23/02/2026,28.0,2.0,23/11/2027,,NO ACCOUNTS FILED,23/03/2027,,0,0,0,0,68209 - Other letting and operating of own or leased real estate,70229 - Management consultancy activities other than financial management,81210 - General cleaning of buildings,,0,0,http://business.data.gov.uk/id/company/17047762,,,,,,,,,,,,,,,,,,,,,08/03/2027,,,,No_VAT_Found
THE RECRUITMENT CONTACT LTD,15110088,,,6 HORNBY ROAD,BROMBOROUGH,WIRRAL,,ENGLAND,CH62 2EG,Private Limited Company,Active,United Kingdom,,01/09/2023,30.0,9.0,30/06/2026,30/09/2024,TOTAL EXEMPTION FULL,29/09/2024,,0,0,0,0,78109 - Other activities of employment placement agencies,,,,0,0,http://business.data.gov.uk/id/company/15110088,,,,,,,,,,,,,,,,,,,,,16/01/2027,02/01/2026,363441310,363441310,Valid_HMRC_Matched
HEALTHWISE SUPPLIES LTD,16283354,,,12 MARKET PLACE,,FARINGDON,,ENGLAND,SN7 7HP,Private Limited Company,Active,United Kingdom,,28/02/2025,28.0,2.0,30/11/2026,,NO ACCOUNTS FILED,28/03/2026,,0,0,0,0,56290 - Other food services,64201 - Activities of agricultural holding companies,70229 - Management consultancy activities other than financial management,86900 - Other human health activities,0,0,http://business.data.gov.uk/id/company/16283354,,,,,,,,,,,,,,,,,,,,,13/03/2027,27/02/2026,"198219762, 799342081",799342081,Valid_HMRC_Matched
QDM MORTGAGES LTD,13587026,,,63 HEATHFIELDS,DOWNEND,BRISTOL,,UNITED KINGDOM,BS16 6HT,Private Limited Company,Active,United Kingdom,,26/08/2021,31.0,8.0,31/05/2027,31/08/2025,TOTAL EXEMPTION FULL,23/09/2022,,0,0,0,0,64999 - Financial intermediation not elsewhere classified,,,,0,0,http://business.data.gov.uk/id/company/13587026,,,,,,,,,,,,,,,,,,,,,24/10/2026,10/10/2025,,,No_VAT_Found
THE ZOO HOLBROOK LTD,15863622,,,14 CHAPEL STREET,,BELPER,DERBYSHIRE,UNITED KINGDOM,DE56 0TQ,Private Limited Company,Active,United Kingdom,,29/07/2024,31.0,7.0,30/04/2027,31/07/2025,DORMANT,26/08/2025,,0,0,0,0,96020 - Hairdressing and other beauty treatment,,,,0,0,http://business.data.gov.uk/id/company/15863622,,,,,,,,,,,,,,,,,,,,,11/08/2026,28/07/2025,,,No_VAT_Found
GLW BUILDING LTD,14007666,,,4 BROOKLANDS DRIVE,,GLOSSOP,,ENGLAND,SK13 6PT,Private Limited Company,Active,United Kingdom,,28/03/2022,30.0,4.0,31/01/2027,30/04/2025,MICRO ENTITY,25/04/2023,,0,0,0,0,"43220 - Plumbing, heat and air-conditioning installation",43320 - Joinery installation,43910 - Roofing activities,,0,0,http://business.data.gov.uk/id/company/14007666,,,,,,,,,,,,,,,,,,,,,03/04/2027,20/03/2026,"232907220, 411177922",411177922,Valid_HMRC_Matched
KODIVA LTD,10901561,,,328 BEDFONT LANE,,FELTHAM,,UNITED KINGDOM,TW14 9NU,Private Limited Company,Active,United Kingdom,,07/08/2017,31.0,8.0,31/05/2027,31/08/2025,TOTAL EXEMPTION FULL,04/09/2018,,0,0,0,0,38110 - Collection of non-hazardous waste,39000 - Remediation activities and other waste management services,49410 - Freight transport by road,,0,0,http://business.data.gov.uk/id/company/10901561,,,,,,,,,,,,,,,,,,,,,11/05/2026,27/04/2025,200462227,,Valid_HMRC_Different_Company
VELEZZA YACHT CHARTERS LIMITED,16509386,,,5 BRAYFORD SQUARE,,LONDON,,ENGLAND,E1 0SG,Private Limited Company,Active,United Kingdom,,10/06/2025,30.0,6.0,10/03/2027,,NO ACCOUNTS FILED,08/07/2026,,0,0,0,0,79110 - Travel agency activities,,,,0,0,http://business.data.gov.uk/id/company/16509386,,,,,,,,,,,,,,,,,,,,,23/06/2026,,503774495,503774495,Valid_HMRC_Matched
DOWN TOWN (AS) LIMITED,17154358,,,62 SEYMOUR GROVE,,OLD TRAFFORD,GATESHEAD,UNITED KINGDOM,M16 0LN,Private Limited Company,Active,United Kingdom,,13/04/2026,30.0,4.0,13/01/2028,,NO ACCOUNTS FILED,11/05/2027,,0,0,0,0,82990 - Other business support service activities n.e.c.,,,,0,0,http://business.data.gov.uk/id/company/17154358,,,,,,,,,,,,,,,,,,,,,26/04/2027,,"469018570, 873115333",469018570,Valid_HMRC_Matched
BERNARD CONREEN LIMITED,08109500,,,STERLING HOUSE 501 MIDDLETON ROAD,CHADDERTON,OLDHAM,,,OL9 9LY,Private Limited Company,Active,United Kingdom,,18/06/2012,30.0,6.0,31/03/2027,30/06/2025,TOTAL EXEMPTION FULL,16/07/2017,18/06/2016,0,0,0,0,46180 - Agents specialized in the sale of other particular products,,,,0,0,http://business.data.gov.uk/id/company/08109500,,,,,,,,,,,,,,,,,,,,,28/09/2026,14/09/2025,983581477,983581477,Valid_HMRC_Matched
OJ01 LTD,13998451,,,PENWOOD HOUSE,HIGHWOOD HILL,LONDON,,UNITED KINGDOM,NW7 4HB,Private Limited Company,Active,United Kingdom,,23/03/2022,31.0,3.0,31/12/2026,31/03/2025,TOTAL EXEMPTION FULL,20/04/2023,,0,0,0,0,64209 - Activities of other holding companies n.e.c.,,,,0,0,http://business.data.gov.uk/id/company/13998451,,,,,,,,,,,,,,,,,,,,,05/04/2027,22/03/2026,,,No_VAT_Found
BOOTH ANALYTICS LTD,17011887,,,32 CAERPHILLY CLOSE,RHIWDERIN,NEWPORT,,WALES,NP10 8RF,Private Limited Company,Active,United Kingdom,,04/02/2026,28.0,2.0,04/11/2027,,NO ACCOUNTS FILED,04/03/2027,,0,0,0,0,62020 - Information technology consultancy activities,,,,0,0,http://business.data.gov.uk/id/company/17011887,,,,,,,,,,,,,,,,,,,,,17/02/2027,,,,No_VAT_Found
BOSS LIFESTYLES LIMITED,14477792,,,33 ABERDOUR ROAD,,ILFORD,,ENGLAND,IG3 9SA,Private Limited Company,Active,United Kingdom,,11/11/2022,30.0,11.0,31/08/2026,30/11/2024,MICRO ENTITY,09/12/2023,,0,0,0,0,68320 - Management of real estate on a fee or contract basis,,,,0,0,http://business.data.gov.uk/id/company/14477792,,,,,,,,,,,,,,,,,,,,,15/08/2026,01/08/2025,,,No_VAT_Found
S & F INVESTMENTS LTD,14436939,,,13 MARKET STREET,WESTHOUGHTON,BOLTON,,ENGLAND,BL5 3AH,Private Limited Company,Active,United Kingdom,,23/10/2022,31.0,10.0,31/07/2027,31/10/2025,MICRO ENTITY,20/11/2023,,0,0,0,0,68100 - Buying and selling of own real estate,68209 - Other letting and operating of own or leased real estate,,,0,0,http://business.data.gov.uk/id/company/14436939,,,,,,,,,,,,,,,,,,,,,05/11/2026,22/10/2025,714828917,714828917,Valid_HMRC_Matched
M-TECH VEHICLES LTD,13189575,,,68 HARWOOD ROAD,TOTTINGTON,BURY,LANCASHIRE,,BL8 3PU,Private Limited Company,Active,United Kingdom,,09/02/2021,28.0,2.0,30/11/2026,28/02/2025,UNAUDITED ABRIDGED,09/03/2022,,0,0,0,0,45200 - Maintenance and repair of motor vehicles,,,,0,0,http://business.data.gov.uk/id/company/13189575,,,,,,,,,,,,,,,,,,,,,22/02/2024,08/02/2023,"341923411, 197312686, 995648742",341923411,Valid_HMRC_Matched
AQAAB LTD,15245218,,,CHACHA PLAZA UNIT 22/23,"WESTFIELD, INGLEBY ROAD",BRADFORD,,ENGLAND,BD7 2AT,Private Limited Company,Active,United Kingdom,,30/10/2023,31.0,10.0,31/07/2027,31/10/2025,MICRO ENTITY,27/11/2024,,0,0,0,0,"47820 - Retail sale via stalls and markets of textiles, clothing and footwear",,,,0,0,http://business.data.gov.uk/id/company/15245218,,,,,,,,,,,,,,,,,,,,,17/04/2027,03/04/2026,,,No_VAT_Found
VMTS INVESTMENTS LTD,16627366,,,BANK HOUSE,MARKET SQUARE,CONGLETON,CHESHIRE,UNITED KINGDOM,CW12 1ET,Private Limited Company,Active,United Kingdom,,04/08/2025,31.0,8.0,04/05/2027,,NO ACCOUNTS FILED,01/09/2026,,0,0,0,0,68100 - Buying and selling of own real estate,,,,0,0,http://business.data.gov.uk/id/company/16627366,,,,,,,,,,,,,,,,,,,,,10/12/2026,26/11/2025,,,No_VAT_Found
MOEL SMYTHO LETTINGS LTD,14763377,,,1 THOMAS BUILDINGS,NEW STREET,PWLLHELI,GWYNEDD,WALES,LL53 5HH,Private Limited Company,Active,United Kingdom,,28/03/2023,31.0,3.0,31/12/2026,31/03/2025,TOTAL EXEMPTION FULL,25/04/2024,,0,0,0,0,55209 - Other holiday and other collective accommodation,,,,0,0,http://business.data.gov.uk/id/company/14763377,,,,,,,,,,,,,,,,,,,,,10/04/2027,27/03/2026,,,No_VAT_Found
D MCELHOLM CONSULTANCY SERVICES LIMITED,16660098,,,7 RYLAND MEWS,LAKE STREET,LEIGHTON BUZZARD,,ENGLAND,LU7 1SP,Private Limited Company,Active,United Kingdom,,19/08/2025,31.0,8.0,19/05/2027,,NO ACCOUNTS FILED,16/09/2026,,0,0,0,0,70229 - Management consultancy activities other than financial management,,,,0,0,http://business.data.gov.uk/id/company/16660098,,,,,,,,,,,,,,,,,,,,,01/09/2026,,,,No_VAT_Found
THE BID EXPERTS LTD,11847419,,,15 SEACLIFF,FIRST DRIVE,TEIGNMOUTH,,UNITED KINGDOM,TQ14 8TX,Private Limited Company,Active,United Kingdom,,26/02/2019,28.0,2.0,30/11/2026,28/02/2025,MICRO ENTITY,25/03/2020,,0,0,0,0,70229 - Management consultancy activities other than financial management,,,,0,0,http://business.data.gov.uk/id/company/11847419,,,,,,,,,,,,,,,,,,,,,16/02/2027,02/02/2026,220227952,,Valid_HMRC_Different_Company
VETCLARITY LTD,13402590,,,PANT YR HELYG GELLIWEN,LLECHRYD,ABERTEIFI,CEREDIGION,WALES,SA43 2PQ,Private Limited Company,Active,United Kingdom,,17/05/2021,5.0,4.0,05/01/2027,05/04/2025,MICRO ENTITY,14/06/2022,,0,0,0,0,75000 - Veterinary activities,,,,0,0,http://business.data.gov.uk/id/company/13402590,,,,,,,,,,,,,,,,,,,,,30/05/2027,16/05/2026,421651230,421651230,Valid_HMRC_Matched
DN DEVELOPING LTD,15237310,,,LITTLE ORCHARD PAICES HILL,ALDERMASTON,READING,,ENGLAND,RG7 4PG,Private Limited Company,Active,United Kingdom,,26/10/2023,31.0,10.0,31/07/2027,31/10/2025,MICRO ENTITY,23/11/2024,,0,0,0,0,53202 - Unlicensed carrier,59112 - Video production activities,73120 - Media representation services,90030 - Artistic creation,0,0,http://business.data.gov.uk/id/company/15237310,,,,,,,,,,,,,,,,,,,,,25/03/2027,11/03/2026,,,No_VAT_Found
CYNOSURE ESTATES LTD,12616518,,,72 HIGHER BLANDFORD ROAD,,BROADSTONE,,ENGLAND,BH18 9AH,Private Limited Company,Active,United Kingdom,,21/05/2020,31.0,3.0,31/12/2027,31/03/2026,MICRO ENTITY,18/06/2021,,0,0,0,0,98000 - Residents property management,,,,0,0,http://business.data.gov.uk/id/company/12616518,,,,,,,,,,,,,,,,,,,,,11/08/2026,28/07/2025,"366377952, 221981807",366377952,Valid_HMRC_Matched
PRODUCT ACUMEN LTD,17269819,,,71-75 SHELTON STREET,COVENT GARDEN,LONDON,,UNITED KINGDOM,WC2H 9JQ,Private Limited Company,Active,United Kingdom,,09/06/2026,30.0,6.0,09/03/2028,,NO ACCOUNTS FILED,07/07/2027,,0,0,0,0,62020 - Information technology consultancy activities,70229 - Management consultancy activities other than financial management,,,0,0,http://business.data.gov.uk/id/company/17269819,,,,,,,,,,,,,,,,,,,,,22/06/2027,,"690971496, 245752787",690971496,Valid_HMRC_Matched
HALLMARK CARE HOMES DEVELOPMENTS (NO. 2) LIMITED,08720456,,,2 KINGFISHER HOUSE WOODBROOK CRESCENT,RADFORD WAY,BILLERICAY,ESSEX,,CM12 0EQ,Private Limited Company,Active,United Kingdom,,07/10/2013,31.0,3.0,31/12/2026,31/03/2025,SMALL,28/04/2017,31/03/2016,3,3,0,0,41100 - Development of building projects,,,,0,0,http://business.data.gov.uk/id/company/08720456,,,,,,,,,,,,,,,,,,,,,14/04/2027,31/03/2026,"836112940, 377400200",836112940,Valid_HMRC_Matched
L.T.HARDY DISTRIBUTIONS LTD,15806194,,,19 THISTLE WAY,WITHAM ST. HUGHS,LINCOLN,LINCOLNSHIRE,ENGLAND,LN6 9XJ,Private Limited Company,Active,United Kingdom,,27/06/2024,30.0,6.0,31/03/2027,30/06/2025,MICRO ENTITY,25/07/2025,,0,0,0,0,47910 - Retail sale via mail order houses or via Internet,,,,0,0,http://business.data.gov.uk/id/company/15806194,,,,,,,,,,,,,,,,,,,,,10/07/2026,26/06/2025,548596390,548596390,Valid_HMRC_Matched
SHIMMER ESTATES LTD,14674386,,,2 RATTEN CLOSE,,HORNCHURCH,,ENGLAND,RM12 6ET,Private Limited Company,Active,United Kingdom,,18/02/2023,31.0,3.0,31/12/2026,31/03/2025,MICRO ENTITY,17/03/2024,,0,0,0,0,68209 - Other letting and operating of own or leased real estate,,,,0,0,http://business.data.gov.uk/id/company/14674386,,,,,,,,,,,,,,,,,,,,,03/03/2027,17/02/2026,,,No_VAT_Found
OUSH LIMITED,NI733827,,,36 CANNYREAGH ROAD,,DONAGHEDEE,,UNITED KINGDOM,BT21 0AP,Private Limited Company,Active,United Kingdom,,29/09/2025,30.0,9.0,29/06/2027,,NO ACCOUNTS FILED,27/10/2026,,0,0,0,0,56102 - Unlicensed restaurants and cafes,,,,0,0,http://business.data.gov.uk/id/company/NI733827,,,,,,,,,,,,,,,,,,,,,12/10/2026,,,,No_VAT_Found
REVIVE GROUP LTD,16817227,,,61 BRIDGE STREET,,KINGTON,,UNITED KINGDOM,HR5 3DJ,Private Limited Company,Active,United Kingdom,,29/10/2025,31.0,10.0,29/07/2027,,NO ACCOUNTS FILED,26/11/2026,,0,0,0,0,43341 - Painting,81221 - Window cleaning services,81222 - Specialised cleaning services,81229 - Other building and industrial cleaning activities,0,0,http://business.data.gov.uk/id/company/16817227,,,,,,,,,,,,,,,,,,,,,11/11/2026,,"201325667, 343849181, 204303761",201325667,Valid_HMRC_Matched
HDN CONTRACTING LTD,09800259,,,68 TYLCHA GANOL,TONYREFAIL,PORTH,,WALES,CF39 8BY,Private Limited Company,Active,United Kingdom,,29/09/2015,5.0,10.0,05/07/2027,05/10/2025,MICRO ENTITY,27/10/2016,,0,0,0,0,43999 - Other specialised construction activities n.e.c.,,,,0,0,http://business.data.gov.uk/id/company/09800259,,,,,,,,,,,,,,,,,,,,,12/10/2026,28/09/2025,367174377,,Valid_HMRC_Different_Company
APPEAL P.R. LIMITED,04760010,,,CHATSWORTH HOUSE,6A MONTPELLIER STREET,HARROGATE,,,HG1 2TQ,Private Limited Company,Active,United Kingdom,,12/05/2003,31.0,5.0,28/02/2027,31/05/2025,TOTAL EXEMPTION FULL,23/05/2017,25/04/2016,1,1,0,0,82990 - Other business support service activities n.e.c.,,,,0,0,http://business.data.gov.uk/id/company/04760010,,,,,,,,,,,,,,,,,,,,,09/05/2027,25/04/2026,,,No_VAT_Found
INN VILLAGE COFFEE LTD,NI660690,,,116 OLD MOUNTFIELD ROAD,,OMAGH,,UNITED KINGDOM,BT79 7LT,Private Limited Company,Active,United Kingdom,,16/04/2019,30.0,11.0,31/08/2027,30/11/2025,MICRO ENTITY,14/05/2020,,0,0,0,0,56102 - Unlicensed restaurants and cafes,,,,0,0,http://business.data.gov.uk/id/company/NI660690,,,,,,,,,,,,,,,,,,,,,18/12/2026,04/12/2025,237761781,237761781,Valid_HMRC_Matched
HOMES4U LIMITED,11223758,,,UNIT 29 HIGHCROFT INDUSTRIAL ESTATE,ENTERPRISE ROAD,WATERLOOVILLE,,ENGLAND,PO8 0BT,Private Limited Company,Active,United Kingdom,,26/02/2018,26.0,8.0,26/05/2027,31/08/2025,TOTAL EXEMPTION FULL,26/03/2019,,1,1,0,0,68209 - Other letting and operating of own or leased real estate,,,,0,0,http://business.data.gov.uk/id/company/11223758,,,,,,,,,,,,,,,,,,,,,11/03/2027,25/02/2026,785403905,,Valid_HMRC_Different_Company
NICK ALLSOP LTD,15393255,,,45 CUBITTS CLOSE,,WELWYN,HERTFORDSHIRE,UNITED KINGDOM,AL6 0DZ,Private Limited Company,Active,United Kingdom,,06/01/2024,31.0,1.0,31/10/2027,31/01/2026,TOTAL EXEMPTION FULL,03/02/2025,,0,0,0,0,82990 - Other business support service activities n.e.c.,,,,0,0,http://business.data.gov.uk/id/company/15393255,,,,,,,,,,,,,,,,,,,,,19/01/2027,05/01/2026,872542806,872542806,Valid_HMRC_Matched
ROUNDHOUSE TRADING LIMITED,05672691,"MICHAEL DIXON, FINANCE DIRECTOR",,ROUNDHOUSE,CHALK FARM ROAD,LONDON,,,NW1 8EH,Private Limited Company,Active,United Kingdom,,12/01/2006,31.0,3.0,31/12/2026,31/03/2025,SMALL,09/02/2017,12/01/2016,0,0,0,0,90040 - Operation of arts facilities,,,,0,0,http://business.data.gov.uk/id/company/05672691,,,,,,,,,,,,,,,,,,,,,19/01/2027,05/01/2026,884244600,,Invalid_HMRC
VIMEO UK LIMITED,08171540,,,"SUITE LU.231, THE LIGHT BULB, 1 FILAMENT WALK",WANDSWORTH,LONDON,,ENGLAND,SW18 4GQ,Private Limited Company,Active,United Kingdom,,08/08/2012,31.0,12.0,30/09/2027,31/12/2025,FULL,05/09/2016,08/08/2015,0,0,0,0,59132 - Video distribution activities,,,,0,0,http://business.data.gov.uk/id/company/08171540,14/05/2019,LIVESTREAM LIMITED,,,,,,,,,,,,,,,,,,,09/09/2026,26/08/2025,382590671,,Invalid_HMRC
MCAWIN LTD,09066417,,,106 KINVEACHY GARDENS,,CHARLTON,LONDON,,SE7 8EH,Private Limited Company,Active,United Kingdom,,02/06/2014,30.0,6.0,31/03/2028,30/06/2026,TOTAL EXEMPTION FULL,30/06/2017,02/06/2016,0,0,0,0,41100 - Development of building projects,71122 - Engineering related scientific and technical consulting activities,78200 - Temporary employment agency activities,86101 - Hospital activities,0,0,http://business.data.gov.uk/id/company/09066417,,,,,,,,,,,,,,,,,,,,,06/08/2027,23/07/2026,,,No_VAT_Found
FORKING CO LIMITED,04269335,,,"SUITE Q, ATHENE HOUSE",86 THE BROADWAY,LONDON,,UNITED KINGDOM,NW7 3TD,Private Limited Company,Active,United Kingdom,,13/08/2001,31.0,8.0,31/05/2027,31/08/2025,DORMANT,10/09/2016,13/08/2015,0,0,0,0,99999 - Dormant Company,,,,0,0,http://business.data.gov.uk/id/company/04269335,,,,,,,,,,,,,,,,,,,,,19/10/2026,05/10/2025,308097010,,Valid_HMRC_Different_Company
ANGELA BOOK-KEEPING LTD,08444993,,,ST VINCENTS HOUSE,15 OLDHAM ROAD,MANCHESTER,,,M4 5EQ,Private Limited Company,Active,United Kingdom,,14/03/2013,31.0,3.0,31/12/2026,31/03/2025,TOTAL EXEMPTION FULL,11/04/2017,14/03/2016,0,0,0,0,69202 - Bookkeeping activities,,,,0,0,http://business.data.gov.uk/id/company/08444993,,,,,,,,,,,,,,,,,,,,,15/02/2027,01/02/2026,373945755,,Invalid_HMRC
VESTROW BUSINESS LIMITED,12322037,,,MAPLEFIELD GRANGE,MAPLEFIELD LANE,CHALFONT ST GILES,,ENGLAND,HP8 4TY,Private Limited Company,Active,United Kingdom,,19/11/2019,30.0,11.0,31/08/2026,30/11/2024,TOTAL EXEMPTION FULL,17/12/2020,,0,0,0,0,64999 - Financial intermediation not elsewhere classified,,,,0,0,http://business.data.gov.uk/id/company/12322037,14/01/2021,VESTROW BUSINESS FINANCE LIMITED,,,,,,,,,,,,,,,,,,,13/08/2026,30/07/2025,341765203,341765203,Valid_HMRC_Matched
DUKERIES PROPERTY LIMITED,11100456,,,DUKERIES INDUSTRIAL ESTATE,CLAYLANDS AVENUE,WORKSOP,NOTTINGHAMSHIRE,ENGLAND,S81 7BQ,Private Limited Company,Active,United Kingdom,,06/12/2017,31.0,12.0,30/09/2026,31/12/2024,DORMANT,03/01/2019,,0,0,0,0,47190 - Other retail sale in non-specialised stores,,,,0,0,http://business.data.gov.uk/id/company/11100456,04/03/2026,KYBOTECH MANAGEMENT SUPPORT LTD,,,,,,,,,,,,,,,,,,,07/11/2026,24/10/2025,"191877168, 232865990",191877168,Valid_HMRC_Matched
HS TRADE LTD,16684929,,,285 SHELLEY ROAD,,WELLINGBOROUGH,,ENGLAND,NN8 3EN,Private Limited Company,Active,United Kingdom,,01/09/2025,30.0,9.0,01/06/2027,,NO ACCOUNTS FILED,29/09/2026,,0,0,0,0,"46170 - Agents involved in the sale of food, beverages and tobacco","46390 - Non-specialised wholesale of food, beverages and tobacco",46900 - Non-specialised wholesale trade,56290 - Other food services,0,0,http://business.data.gov.uk/id/company/16684929,,,,,,,,,,,,,,,,,,,,,14/09/2026,,,,No_VAT_Found
MANEATON HOMES LLP,OC311397,,,GROUND FLOOR,35 NEWHALL STREET,BIRMINGHAM,WEST MIDLANDS,UNITED KINGDOM,B3 3PU,Limited Liability Partnership,Active,United Kingdom,,08/02/2005,31.0,3.0,31/12/2026,31/03/2025,TOTAL EXEMPTION FULL,08/03/2017,08/02/2016,4,0,0,4,None Supplied,,,,0,0,http://business.data.gov.uk/id/company/OC311397,,,,,,,,,,,,,,,,,,,,,22/02/2027,08/02/2026,876509874,,Invalid_HMRC
TRAINING DEVELOPMENT & CONSULTANCY LTD,12375188,,,RAIKES COTTAGE RAIKES ROAD,GREAT ECCLESTON,PRESTON,,ENGLAND,PR3 0ZA,Private Limited Company,Active,United Kingdom,,23/12/2019,31.0,12.0,30/09/2027,31/12/2025,MICRO ENTITY,20/01/2021,,0,0,0,0,70229 - Management consultancy activities other than financial management,85320 - Technical and vocational secondary education,,,0,0,http://business.data.gov.uk/id/company/12375188,,,,,,,,,,,,,,,,,,,,,15/10/2026,01/10/2025,"170839590, 115082840",115082840,Valid_HMRC_Matched
PIXIE PROPERTIES LIMITED,11466226,,,61 BRIDGE STREET,,KINGTON,,ENGLAND,HR5 3DJ,Private Limited Company,Active,United Kingdom,,16/07/2018,31.0,3.0,31/12/2026,31/03/2025,TOTAL EXEMPTION FULL,13/08/2019,,3,3,0,0,68209 - Other letting and operating of own or leased real estate,,,,0,0,http://business.data.gov.uk/id/company/11466226,,,,,,,,,,,,,,,,,,,,,29/07/2026,15/07/2025,348428084,348428084,Valid_HMRC_Matched
M&K MEDICAL HEALTHCARE LTD,15185018,,,32-33 UPPER STREET,,LONDON,,ENGLAND,N1 0PN,Private Limited Company,Active,United Kingdom,,03/10/2023,31.0,10.0,31/07/2027,31/10/2025,DORMANT,31/10/2024,,0,0,0,0,86101 - Hospital activities,86210 - General medical practice activities,,,0,0,http://business.data.gov.uk/id/company/15185018,,,,,,,,,,,,,,,,,,,,,16/10/2026,02/10/2025,,,No_VAT_Found
THE MERSEYSIDE TRAMWAY PRESERVATION SOCIETY LIMITED,04374320,,,497 NEW CHESTER ROAD,,WIRRAL,MERSEYSIDE,ENGLAND,CH62 3LD,"PRI/LTD BY GUAR/NSC (Private, limited by guarantee, no share capital)",Active,United Kingdom,,14/02/2002,31.0,8.0,31/05/2027,31/08/2025,MICRO ENTITY,14/03/2017,14/02/2016,0,0,0,0,91020 - Museums activities,,,,0,0,http://business.data.gov.uk/id/company/04374320,,,,,,,,,,,,,,,,,,,,,12/12/2026,28/11/2025,,,No_VAT_Found
AUBRUN LIMITED,07490542,,,3 DELVILLE CLOSE,,FARNBOROUGH,,ENGLAND,GU14 0PY,Private Limited Company,Active,United Kingdom,,12/01/2011,30.0,6.0,31/03/2027,30/06/2025,MICRO ENTITY,09/02/2017,12/01/2016,0,0,0,0,86101 - Hospital activities,,,,0,0,http://business.data.gov.uk/id/company/07490542,,,,,,,,,,,,,,,,,,,,,14/01/2027,31/12/2025,,,No_VAT_Found
UNIBANK TM LIMITED,16632612,,,12 WOLFE CLOSE,PARKGATE INDUSTRIAL ESTATE,KNUTSFORD,CHESHIRE,UNITED KINGDOM,WA16 8XJ,Private Limited Company,Active,United Kingdom,,06/08/2025,31.0,8.0,06/05/2027,,NO ACCOUNTS FILED,03/09/2026,,0,0,0,0,35130 - Distribution of electricity,"47990 - Other retail sale not in stores, stalls or markets",,,0,0,http://business.data.gov.uk/id/company/16632612,,,,,,,,,,,,,,,,,,,,,19/08/2026,,327531803,,Invalid_HMRC
AFFINITUS GROUP LIMITED,02634375,,,LINCOLN HOUSE WELLINGTON CRESCENT,FRADLEY PARK,LICHFIELD,,UNITED KINGDOM,WS13 8RZ,Private Limited Company,Active,United Kingdom,,01/08/1991,31.0,12.0,30/09/2026,31/12/2024,AUDIT EXEMPTION SUBSIDIARY,12/12/2016,14/11/2015,2,1,0,1,62020 - Information technology consultancy activities,,,,0,0,http://business.data.gov.uk/id/company/02634375,,,,,,,,,,,,,,,,,,,,,28/11/2026,14/11/2025,571956016,,Invalid_HMRC
MACO SERVICES LTD,08539825,,,"13 ST. SWITHIN'S LANE,","2ND FLOOR,",LONDON,,ENGLAND,EC4N 8AL,Private Limited Company,Active,United Kingdom,,22/05/2013,31.0,5.0,28/02/2027,31/05/2025,TOTAL EXEMPTION FULL,23/10/2016,25/09/2015,0,0,0,0,96020 - Hairdressing and other beauty treatment,,,,0,0,http://business.data.gov.uk/id/company/08539825,24/04/2015,MACO COSMETIC LTD,,,,,,,,,,,,,,,,,,,02/12/2026,18/11/2025,"103207964, 437649656",437649656,Valid_HMRC_Matched
BIC SOLUTIONS LIMITED,05037757,,,MOORGATE HOUSE,KING STREET,NEWTON ABBOT,DEVON,UNITED KINGDOM,TQ12 2LG,Private Limited Company,Active,United Kingdom,,09/02/2004,28.0,2.0,30/11/2026,28/02/2025,TOTAL EXEMPTION FULL,09/03/2017,09/02/2016,0,0,0,0,70229 - Management consultancy activities other than financial management,,,,0,0,http://business.data.gov.uk/id/company/05037757,,,,,,,,,,,,,,,,,,,,,20/02/2027,06/02/2026,"826071637, 888665152",,Valid_HMRC_Different_Company
BUFFER BEAR LIMITED,02893177,,,CO-OPERATIVE HOUSE GALLOWS HILL,WARWICK TECHNOLOGY PARK,WARWICK,,UNITED KINGDOM,CV34 6DA,Private Limited Company,Active,United Kingdom,,31/01/1994,26.0,1.0,26/10/2026,25/01/2025,DORMANT,21/02/2017,24/01/2016,4,3,0,1,85100 - Pre-primary education,,,,0,0,http://business.data.gov.uk/id/company/02893177,,,,,,,,,,,,,,,,,,,,,07/02/2027,24/01/2026,,,No_VAT_Found
KATEJ LIMITED,14444110,,,65B COLLEGE ROAD,MOSELEY,BIRMINGHAM,,ENGLAND,B13 9LR,Private Limited Company,Active,United Kingdom,,26/10/2022,31.0,10.0,31/07/2027,31/10/2025,MICRO ENTITY,23/11/2023,,0,0,0,0,49410 - Freight transport by road,,,,0,0,http://business.data.gov.uk/id/company/14444110,,,,,,,,,,,,,,,,,,,,,08/11/2026,25/10/2025,,,No_VAT_Found
RIVERVIEW IFORD RTM CO LIMITED,16050911,,,1 LOWTHER GARDENS,,BOURNEMOUTH,DORSET,ENGLAND,BH8 8NF,"PRI/LTD BY GUAR/NSC (Private, limited by guarantee, no share capital)",Active,United Kingdom,,30/10/2024,31.0,12.0,30/09/2027,31/12/2025,MICRO ENTITY,27/11/2025,,0,0,0,0,98000 - Residents property management,,,,0,0,http://business.data.gov.uk/id/company/16050911,,,,,,,,,,,,,,,,,,,,,12/11/2026,29/10/2025,,,No_VAT_Found
ROCKSTAR PROP 4 LIMITED,13141611,,,863 HIGH ROAD,,ILFORD,,ENGLAND,IG3 8TG,Private Limited Company,Active,United Kingdom,,18/01/2021,31.0,1.0,31/10/2026,31/01/2025,TOTAL EXEMPTION FULL,15/02/2022,,1,1,0,0,68100 - Buying and selling of own real estate,68209 - Other letting and operating of own or leased real estate,68320 - Management of real estate on a fee or contract basis,,0,0,http://business.data.gov.uk/id/company/13141611,,,,,,,,,,,,,,,,,,,,,19/12/2026,05/12/2025,,,No_VAT_Found
KASHMIR BAZAR LTD,10715776,,,705 - 707 CRANBROOK ROAD,,ILFORD,,ENGLAND,IG2 6RJ,Private Limited Company,Active,United Kingdom,,07/04/2017,30.0,4.0,31/01/2027,30/04/2025,MICRO ENTITY,05/05/2018,,0,0,0,0,"47110 - Retail sale in non-specialised stores with food, beverages or tobacco predominating",,,,0,0,http://business.data.gov.uk/id/company/10715776,,,,,,,,,,,,,,,,,,,,,10/11/2026,27/10/2025,281023142,281023142,Valid_HMRC_Matched
LIFE WITHOUT LIMITS GROUP LTD,12502807,,,UNIT 13,PARAGON INDUSTRIAL ESTATE,LITTLEBOROUGH,,ENGLAND,OL15 8QF,Private Limited Company,Active,United Kingdom,,06/03/2020,31.0,3.0,31/12/2027,31/03/2026,TOTAL EXEMPTION FULL,03/04/2021,,0,0,0,0,93130 - Fitness facilities,,,,0,0,http://business.data.gov.uk/id/company/12502807,01/08/2025,LIFE WITHOUT LIMITS FITNESS COACHING LTD,,,,,,,,,,,,,,,,,,,17/09/2026,03/09/2025,442114732,442114732,Valid_HMRC_Matched
EDNIROYA LTD,09367944,,,3RD FLOOR,86-90 PAUL STREET,LONDON,,UNITED KINGDOM,EC2A 4NE,Private Limited Company,Active,United Kingdom,,29/12/2014,30.0,9.0,30/06/2027,30/09/2025,MICRO ENTITY,12/01/2017,15/12/2015,0,0,0,0,62020 - Information technology consultancy activities,,,,0,0,http://business.data.gov.uk/id/company/09367944,,,,,,,,,,,,,,,,,,,,,29/12/2026,15/12/2025,202440369,,Invalid_HMRC
DBW SERVICES LIMITED,10911833,,,UNIT J YALE BUSINESS VILLAGE,ELLICE WAY,WREXHAM,,WALES,LL13 7YL,Private Limited Company,Active,United Kingdom,,11/08/2017,31.0,3.0,31/12/2026,31/03/2025,FULL,08/09/2018,,0,0,0,0,64999 - Financial intermediation not elsewhere classified,,,,0,0,http://business.data.gov.uk/id/company/10911833,06/10/2017,DBW INVESTMENTS (16) LIMITED,,,,,,,,,,,,,,,,,,,24/08/2026,10/08/2025,"444685859, 796677645",444685859,Valid_HMRC_Matched
CHOUCHANE ARABIC SERVICES LTD,09682021,,,133 TAME ROAD,,BIRMINGHAM,,UNITED KINGDOM,B6 7DG,Private Limited Company,Active,United Kingdom,,13/07/2015,31.0,3.0,31/12/2026,31/03/2025,MICRO ENTITY,10/08/2016,,0,0,0,0,85520 - Cultural education,,,,0,0,http://business.data.gov.uk/id/company/09682021,,,,,,,,,,,,,,,,,,,,,19/03/2027,05/03/2026,,,No_VAT_Found
DARREN'S HANDYMAN SERVICES LTD,14493735,,,7 ROSEMARY WAY,,FROME,,ENGLAND,BA11 5ET,Private Limited Company,Active,United Kingdom,,18/11/2022,30.0,11.0,31/08/2026,30/11/2024,DORMANT,16/12/2023,,0,0,0,0,43390 - Other building completion and finishing,,,,0,0,http://business.data.gov.uk/id/company/14493735,,,,,,,,,,,,,,,,,,,,,08/11/2026,25/10/2025,,,No_VAT_Found
TUNDE SOFTWARE SERVICES LTD,16639927,,,76 MADDEN AVENUE,,CHATHAM,,ENGLAND,ME5 9TG,Private Limited Company,Active,United Kingdom,,10/08/2025,31.0,8.0,10/05/2027,,NO ACCOUNTS FILED,07/09/2026,,0,0,0,0,62012 - Business and domestic software development,62020 - Information technology consultancy activities,,,0,0,http://business.data.gov.uk/id/company/16639927,,,,,,,,,,,,,,,,,,,,,23/08/2026,,,,No_VAT_Found
41 CURZON ROAD LIMITED,04826748,,,THE FIRS SELSLEY ROAD,NORTH WOODCHESTER,STROUD,,ENGLAND,GL5 5NQ,Private Limited Company,Active,United Kingdom,,09/07/2003,31.0,7.0,30/04/2027,31/07/2025,DORMANT,06/08/2016,09/07/2015,0,0,0,0,98000 - Residents property management,,,,0,0,http://business.data.gov.uk/id/company/04826748,,,,,,,,,,,,,,,,,,,,,23/07/2026,09/07/2025,,,No_VAT_Found
INTERCARE PLUS HEALTHCARE LTD,09961392,,,117 SPOTLAND ROAD,,ROCHDALE,LANCS,ENGLAND,OL12 6PJ,Private Limited Company,Active,United Kingdom,,20/01/2016,31.0,1.0,31/10/2026,31/01/2025,MICRO ENTITY,17/02/2017,,0,0,0,0,96090 - Other service activities n.e.c.,,,,0,0,http://business.data.gov.uk/id/company/09961392,,,,,,,,,,,,,,,,,,,,,02/02/2027,19/01/2026,,,No_VAT_Found
CRESTLANE SERVICES LIMITED,04002996,,,22 MULBERRY ROAD,ASHFORD,KENT,,,TN23 3QF,Private Limited Company,Active,United Kingdom,,26/05/2000,31.0,5.0,28/02/2027,31/05/2025,MICRO ENTITY,21/07/2017,23/06/2016,0,0,0,0,62090 - Other information technology service activities,,,,0,0,http://business.data.gov.uk/id/company/04002996,,,,,,,,,,,,,,,,,,,,,07/07/2027,23/06/2026,223959978,,Invalid_HMRC
ALBION PLACE (NEWBURY) MANAGEMENT COMPANY LIMITED,05263017,,,C/O CHANEYS LIMITED ROOM 17,200 BROOK DRIVE,READING,BERKSHIRE,ENGLAND,RG2 6UB,"PRI/LTD BY GUAR/NSC (Private, limited by guarantee, no share capital)",Active,United Kingdom,,18/10/2004,31.0,3.0,31/12/2026,31/03/2025,MICRO ENTITY,15/11/2016,18/10/2015,0,0,0,0,98000 - Residents property management,,,,0,0,http://business.data.gov.uk/id/company/05263017,,,,,,,,,,,,,,,,,,,,,01/11/2026,18/10/2025,,,No_VAT_Found
BLUE GUILD SERVICES LTD,17204333,,,61A BRIDGE STREET,,KINGTON,,UNITED KINGDOM,HR5 3DJ,Private Limited Company,Active,United Kingdom,,07/05/2026,31.0,5.0,07/02/2028,,NO ACCOUNTS FILED,04/06/2027,,0,0,0,0,43341 - Painting,,,,0,0,http://business.data.gov.uk/id/company/17204333,,,,,,,,,,,,,,,,,,,,,20/05/2027,,,,No_VAT_Found
BOZ TRANS LIMITED,12639216,,,7 WETHERBY COURT,,BRISTOL,,ENGLAND,BS16 6SN,Private Limited Company,Active,United Kingdom,,02/06/2020,31.0,5.0,28/02/2027,31/05/2025,MICRO ENTITY,30/06/2021,,0,0,0,0,49410 - Freight transport by road,,,,0,0,http://business.data.gov.uk/id/company/12639216,,,,,,,,,,,,,,,,,,,,,30/05/2027,16/05/2026,360186018,,Valid_HMRC_Different_Company
FHH HUBS LTD,09954678,,,AVONDALE HOUSE,262 UXBRIDGE ROAD,HATCH END,,UNITED KINGDOM,HA5 4HS,Private Limited Company,Active,United Kingdom,,15/01/2016,30.0,4.0,31/01/2027,30/04/2025,TOTAL EXEMPTION FULL,11/03/2017,11/02/2016,9,8,0,1,68209 - Other letting and operating of own or leased real estate,,,,0,0,http://business.data.gov.uk/id/company/09954678,,,,,,,,,,,,,,,,,,,,,25/02/2027,11/02/2026,,,No_VAT_Found
SOCRATESCONSULTANCY LIMITED,14219942,,,3.8 UNIVERSAL SQUARE,DEVONSHIRE STREET NORTH,MANCHESTER,,UNITED KINGDOM,M12 6JH,Private Limited Company,Active,United Kingdom,,07/07/2022,31.0,7.0,30/04/2027,31/07/2025,DORMANT,04/08/2023,,0,0,0,0,99999 - Dormant Company,,,,0,0,http://business.data.gov.uk/id/company/14219942,,,,,,,,,,,,,,,,,,,,,20/07/2027,06/07/2026,468258550,,Invalid_HMRC
REALITYCHECK UK GROUP LIMITED,17371903,,,71-75 SHELTON STREET,COVENT GARDEN,LONDON,,UNITED KINGDOM,WC2H 9JQ,Private Limited Company,Active,United Kingdom,,30/07/2026,31.0,7.0,30/04/2028,,NO ACCOUNTS FILED,27/08/2027,,0,0,0,0,63120 - Web portals,,,,0,0,http://business.data.gov.uk/id/company/17371903,,,,,,,,,,,,,,,,,,,,,12/08/2027,,932445822,,Valid_HMRC_Different_Company
OAKFIELD ASSOCIATES LTD,12457240,,,"SUITE 5, SECOND FLOOR, 315",REGENTS PARK ROAD,LONDON,,ENGLAND,N3 1DP,Private Limited Company,Active,United Kingdom,,12/02/2020,31.0,3.0,31/12/2026,31/03/2025,MICRO ENTITY,12/03/2021,,0,0,0,0,96090 - Other service activities n.e.c.,,,,0,0,http://business.data.gov.uk/id/company/12457240,10/11/2021,OAKFIELD MARKETING LIMITED,,,,,,,,,,,,,,,,,,,25/02/2027,11/02/2026,"272008877, 284898138, 311977791",,Invalid_HMRC
SMC PROPERTY DEVELOPMENTS NE LTD,14520775,,,147 MORLEY CRESCENT,,KELLOE,,UNITED KINGDOM,DH6 4NP,Private Limited Company,Active,United Kingdom,,02/12/2022,31.0,12.0,30/09/2026,31/12/2024,DORMANT,30/12/2023,,0,0,0,0,41100 - Development of building projects,,,,0,0,http://business.data.gov.uk/id/company/14520775,20/02/2026,AIRCRAFT FINANCE SOLUTIONS LIMITED,,,,,,,,,,,,,,,,,,,04/03/2027,18/02/2026,829180319,,Invalid_HMRC
FRUIT 4 LTD,06645877,,,UNIT 2 SPITAL HOUSE NEW SPITALFIELDS MARKET,27 SHERRIN ROAD,LONDON,,ENGLAND,E10 5SQ,Private Limited Company,Active,United Kingdom,,14/07/2008,31.0,8.0,31/05/2027,31/08/2025,TOTAL EXEMPTION FULL,11/08/2016,14/07/2015,2,0,0,2,46310 - Wholesale of fruit and vegetables,,,,0,0,http://business.data.gov.uk/id/company/06645877,06/08/2010,ORCHARD HILL FRUITS LIMITED,,,,,,,,,,,,,,,,,,,28/07/2027,14/07/2026,922679011,,Invalid_HMRC
PWR INVESTMENTS GROUP LTD,13474220,,,3 OMAN AVENUE,,LONDON,,ENGLAND,NW2 6AX,Private Limited Company,Active,United Kingdom,,24/06/2021,30.0,6.0,30/06/2026,30/06/2024,DORMANT,22/07/2022,,0,0,0,0,68209 - Other letting and operating of own or leased real estate,,,,0,0,http://business.data.gov.uk/id/company/13474220,,,,,,,,,,,,,,,,,,,,,16/03/2027,02/03/2026,273633690,,Invalid_HMRC
SUTTON COURT TRADING LIMITED,07434805,,,3 WHITEHILL CLOSE,,NEWTON ABBOT,DEVON,UNITED KINGDOM,TQ12 6QY,Private Limited Company,Active,United Kingdom,,10/11/2010,31.0,12.0,30/09/2026,31/12/2024,TOTAL EXEMPTION FULL,08/12/2016,10/11/2015,0,0,0,0,70100 - Activities of head offices,,,,0,0,http://business.data.gov.uk/id/company/07434805,,,,,,,,,,,,,,,,,,,,,24/11/2026,10/11/2025,396373845,396373845,Valid_HMRC_Matched
TRIDENT CONSULTANTS (UK) LIMITED,15812543,,,15 ABBOTSBURY GARDENS,,PINNER,,ENGLAND,HA5 1TA,Private Limited Company,Active,United Kingdom,,01/07/2024,31.0,7.0,30/04/2027,31/07/2025,MICRO ENTITY,29/07/2025,,0,0,0,0,70229 - Management consultancy activities other than financial management,,,,0,0,http://business.data.gov.uk/id/company/15812543,,,,,,,,,,,,,,,,,,,,,14/07/2027,30/06/2026,"170376021, 286290964, 416288291",,Valid_HMRC_Different_Company
TOPGEAR AUTOCENTRE LIMITED,05236075,,,103 PIXMORE AVENUE,LETCHWORTH GARDEN CITY,HERTFORDSHIRE,,,SG6 1QX,Private Limited Company,Active,United Kingdom,,20/09/2004,30.0,9.0,30/06/2027,30/09/2025,MICRO ENTITY,18/10/2016,20/09/2015,0,0,0,0,99999 - Dormant Company,,,,0,0,http://business.data.gov.uk/id/company/05236075,,,,,,,,,,,,,,,,,,,,,04/10/2026,20/09/2025,"204822535, 443337111",,Valid_HMRC_Different_Company
F P HELSBY ASSOCIATES LIMITED,06939317,,,27 PARK GREEN,,GREAT BOOKHAM,SURREY,,KT23 3NL,Private Limited Company,Active,United Kingdom,,19/06/2009,31.0,3.0,31/12/2027,31/03/2026,MICRO ENTITY,17/07/2017,19/06/2016,0,0,0,0,69201 - Accounting and auditing activities,,,,0,0,http://business.data.gov.uk/id/company/06939317,,,,,,,,,,,,,,,,,,,,,04/06/2027,21/05/2026,,,No_VAT_Found
TRENDVISION LTD,SC562070,,,60 BLACKCHAPEL CLOSE,,EDINBURGH,EDINBURGH,,EH15 3SL,Private Limited Company,Active,United Kingdom,,30/03/2017,30.0,9.0,30/09/2026,30/09/2024,MICRO ENTITY,27/04/2018,,0,0,0,0,47750 - Retail sale of cosmetic and toilet articles in specialised stores,,,,0,0,http://business.data.gov.uk/id/company/SC562070,,,,,,,,,,,,,,,,,,,,,12/04/2027,29/03/2026,,,No_VAT_Found
CITTI PROPERTIES LLP,OC423309,,,159 CLARENDON PARK ROAD,,LEICESTER,,ENGLAND,LE2 3AJ,Limited Liability Partnership,Active,United Kingdom,,09/07/2018,31.0,3.0,31/12/2026,31/07/2025,UNAUDITED ABRIDGED,06/08/2019,,4,4,0,0,None Supplied,,,,0,0,http://business.data.gov.uk/id/company/OC423309,,,,,,,,,,,,,,,,,,,,,22/07/2027,08/07/2026,,,No_VAT_Found
BLUEBIRD MOTOR COMPANY LTD,17305989,,,1 MAES CELYN,ST DIALS,CWMBRAN,TORFAEN,UNITED KINGDOM,NP44 3GG,Private Limited Company,Active,United Kingdom,,29/06/2026,30.0,6.0,29/03/2028,,NO ACCOUNTS FILED,27/07/2027,,0,0,0,0,45112 - Sale of used cars and light motor vehicles,,,,0,0,http://business.data.gov.uk/id/company/17305989,,,,,,,,,,,,,,,,,,,,,12/07/2027,,"103147911, 466077763",,Invalid_HMRC
MODMED LIMITED,16092319,,,685 CRANBROOK ROAD,,ILFORD,,ENGLAND,IG2 6SY,Private Limited Company,Active,United Kingdom,,20/11/2024,30.0,11.0,31/08/2027,30/11/2025,MICRO ENTITY,18/12/2025,,0,0,0,0,96090 - Other service activities n.e.c.,,,,0,0,http://business.data.gov.uk/id/company/16092319,,,,,,,,,,,,,,,,,,,,,03/12/2026,19/11/2025,,,No_VAT_Found
PHARMV LIMITED,16837482,,,44 WELLINGTON ROAD,,LONDON,GREATER LONDON,ENGLAND,E6 2RG,Private Limited Company,Active,United Kingdom,,06/11/2025,30.0,11.0,06/08/2027,,NO ACCOUNTS FILED,04/12/2026,,0,0,0,0,47730 - Dispensing chemist in specialised stores,,,,0,0,http://business.data.gov.uk/id/company/16837482,,,,,,,,,,,,,,,,,,,,,19/11/2026,,"864432712, 775709290",,Valid_HMRC_Different_Company
HOLMFIRTH ENGINEERING CO LIMITED,12185125,,,SILK MILL HOUSE HUDDERSFIELD ROAD,MELTHAM,HOLMFIRTH,WEST YORKSHIRE,ENGLAND,HD9 4AW,Private Limited Company,Active,United Kingdom,,02/09/2019,30.0,9.0,30/06/2027,30/09/2025,TOTAL EXEMPTION FULL,30/09/2020,,0,0,0,0,71129 - Other engineering activities,,,,0,0,http://business.data.gov.uk/id/company/12185125,,,,,,,,,,,,,,,,,,,,,15/09/2026,01/09/2025,"661717920, 436092791, 721256756",,Invalid_HMRC
THAMES LUXURY CHARTERS LTD.,02776124,,,9-10 COPPER ROW,,LONDON,,UNITED KINGDOM,SE1 2LH,Private Limited Company,Active,United Kingdom,,23/12/1992,31.0,12.0,30/09/2027,31/12/2025,TOTAL EXEMPTION FULL,12/01/2017,15/12/2015,29,7,0,22,50300 - Inland passenger water transport,,,,0,0,http://business.data.gov.uk/id/company/02776124,,,,,,,,,,,,,,,,,,,,,29/12/2026,15/12/2025,626139248,,Invalid_HMRC
CIS PARTNERSHIP LIMITED IN LIMITED PARTNERSHIP WITH STUART STOTHARD,LP010261,,,37 LOMBARD STREET,LONDON,,,,EC3V 9BQ,Limited Partnership,Active,United Kingdom,,04/03/2005,,,,,NO ACCOUNTS FILED,,,0,0,0,0,None Supplied,,,,1,1,http://business.data.gov.uk/id/company/LP010261,,,,,,,,,,,,,,,,,,,,,18/03/2017,,,,No_VAT_Found
HAT EVENTS LIMITED,16682262,,,17 HEATHER CRESCENT,,MELTON MOWBRAY,,ENGLAND,LE13 0FP,Private Limited Company,Active,United Kingdom,,29/08/2025,31.0,8.0,29/05/2027,,NO ACCOUNTS FILED,26/09/2026,,0,0,0,0,56210 - Event catering activities,,,,0,0,http://business.data.gov.uk/id/company/16682262,,,,,,,,,,,,,,,,,,,,,11/09/2026,,439910766,,Invalid_HMRC
BDL NORTH PARTNERS LTD,16473813,,,8 MORESBY ROAD,,LONDON,,ENGLAND,E5 9LF,Private Limited Company,Active,United Kingdom,,26/05/2025,31.0,5.0,26/02/2027,,NO ACCOUNTS FILED,23/06/2026,,0,0,0,0,68320 - Management of real estate on a fee or contract basis,,,,0,0,http://business.data.gov.uk/id/company/16473813,,,,,,,,,,,,,,,,,,,,,08/06/2027,25/05/2026,,,No_VAT_Found
IYOUWORK LTD,17279551,,,124-128 CITY ROAD,,LONDON,,ENGLAND,EC1V 2NX,Private Limited Company,Active,United Kingdom,,17/06/2026,30.0,6.0,17/03/2028,,NO ACCOUNTS FILED,15/07/2027,,0,0,0,0,63120 - Web portals,82990 - Other business support service activities n.e.c.,,,0,0,http://business.data.gov.uk/id/company/17279551,,,,,,,,,,,,,,,,,,,,,30/06/2027,,927305330,,Invalid_HMRC
CCN IMMIGRATION LIMITED,16249681,,,OFFICE 11634 182-184 HIGH STREET NORTH,EAST HAM,LONDON,,UNITED KINGDOM,E6 2JA,Private Limited Company,Active,United Kingdom,,13/02/2025,28.0,2.0,13/11/2026,,NO ACCOUNTS FILED,13/03/2026,,0,0,0,0,82990 - Other business support service activities n.e.c.,,,,0,0,http://business.data.gov.uk/id/company/16249681,,,,,,,,,,,,,,,,,,,,,26/02/2027,12/02/2026,,,No_VAT_Found
MYLAN OSCAR PROPERTY LETTING LIMITED,16333765,,,49 RADBOURNE ROAD,SHIRLEY,SOLIHULL,,ENGLAND,B90 3RS,Private Limited Company,Active,United Kingdom,,21/03/2025,31.0,3.0,31/12/2027,31/03/2026,DORMANT,18/04/2026,,0,0,0,0,68100 - Buying and selling of own real estate,,,,0,0,http://business.data.gov.uk/id/company/16333765,,,,,,,,,,,,,,,,,,,,,02/02/2027,19/01/2026,,,No_VAT_Found
INFRONIX LTD,16457984,,,COLLINGWOOD BUILDINGS,COLLINGWOOD STREET,NEWCASTLE UPON TYNE,,ENGLAND,NE1 1JF,Private Limited Company,Active,United Kingdom,,19/05/2025,31.0,5.0,19/02/2027,,NO ACCOUNTS FILED,16/06/2026,,0,0,0,0,62090 - Other information technology service activities,,,,0,0,http://business.data.gov.uk/id/company/16457984,,,,,,,,,,,,,,,,,,,,,01/06/2027,18/05/2026,,,No_VAT_Found
TAIF LED ELECTRICAL AND LIGHTING MATERIALS LIMITED,11135267,,,1350 GREENFORD ROAD,,GREENFORD,LONDON,ENGLAND,UB6 0HL,Private Limited Company,Active,United Kingdom,,05/01/2018,31.0,1.0,31/10/2027,31/01/2026,DORMANT,02/02/2019,,0,0,0,0,46900 - Non-specialised wholesale trade,,,,0,0,http://business.data.gov.uk/id/company/11135267,,,,,,,,,,,,,,,,,,,,,18/01/2027,04/01/2026,,,No_VAT_Found
IZERONE SOLUTIONS LTD,06898254,,,9 ANGUS CLOSE,,WINNERSH,,,RG41 5GS,Private Limited Company,Active,United Kingdom,,07/05/2009,31.0,5.0,28/02/2027,31/05/2025,TOTAL EXEMPTION FULL,04/06/2017,07/05/2016,0,0,0,0,62020 - Information technology consultancy activities,,,,0,0,http://business.data.gov.uk/id/company/06898254,,,,,,,,,,,,,,,,,,,,,21/05/2027,07/05/2026,,,No_VAT_Found
INK EASE LIMITED,16926752,,,19 JUBILEE AVENUE,,PORTSMOUTH,,ENGLAND,PO6 4QN,"PRI/LTD BY GUAR/NSC (Private, limited by guarantee, no share capital)",Active,United Kingdom,,22/12/2025,31.0,12.0,22/09/2027,,NO ACCOUNTS FILED,19/01/2027,,0,0,0,0,47750 - Retail sale of cosmetic and toilet articles in specialised stores,,,,0,0,http://business.data.gov.uk/id/company/16926752,,,,,,,,,,,,,,,,,,,,,04/01/2027,,,,No_VAT_Found
